{
  "total_comparable_contracts": 2184,
  "mapped_contract_count": 1744,
  "unmapped_contract_count": 440,
  "mapped_contract_pct": 79.8535,
  "unmapped_contract_pct": 20.1465,
  "manual_review_count": 60,
  "valid_award_amount_count": 2184,
  "total_award_amount": 129245405388.69,
  "mean_award_amount": 59178299.1706456,
  "median_award_amount": 30470594.47,
  "min_award_amount": 0.0,
  "max_award_amount": 3679519282.56,
  "award_amount_q1": 316885.8675,
  "award_amount_q3": 66770481.567499995,
  "award_amount_iqr": 66453595.699999996,
  "zero_award_amount_count": 4,
  "negative_award_amount_count": 0,
  "benchmark_low_q1": 316885.8675,
  "benchmark_median": 30470594.47,
  "benchmark_high_q3": 66770481.567499995
}